[
  {
    "id": 1,
    "name": "B.F. Sword",
    "description": "Gain Attack Damage."
  },
  {
    "id": 2,
    "name": "Recurve Bow",
    "description": "Gain Attack Speed."
  },
  {
    "id": 3,
    "name": "Needlessly Large Rod",
    "description": "Gain Spell Power."
  },
  {
    "id": 4,
    "name": "Tear of the Goddess",
    "description": "Gain Mana."
  },
  {
    "id": 5,
    "name": "Chain Vest",
    "description": "Gain Armor."
  },
  {
    "id": 6,
    "name": "Negatron Cloak",
    "description": "Gain Magic Resist."
  },
  {
    "id": 7,
    "name": "Giant's Belt",
    "description": "Gain Health."
  },
  {
    "id": 8,
    "name": "Spatula",
    "description": "It must do something..."
  },
  {
    "id": 9,
    "name": "Sparring Gloves",
    "description": "Gain Critical Strike Chance and Dodge Chance."
  },
  {
    "id": 11,
    "name": "죽음의 검",
    "description": "적 처치 관여 시마다 전투가 끝날 때까지 추가 공격력 +10 증가",
    "ability":["공격력 +10","공격력 +10"]
  },
  {
    "id": 12,
    "name": "거인 학살자",
    "description": "기본 공격 및 스킬 사용시 10%의 추가 피해. 대상 최대 체력이 1750 초과 시 추가 고정 피해 70%로 증가",
    "ability":["공격력 +10","공격속도 +10%"]
  },
  {
    "id": 13,
    "name": "마법공학 총검",
    "description": "스킬 사용 시 피해량의 33%만큼 체력 회복. 체력 회복 초과분은 최대 300의 피해를 흡수하는 보호막으로 전환.",
    "ability":["공격력 +10","주문력 +10"]
  },
  {
    "id": 14,
    "name": "쇼진의 창",
    "description": "기본 공격 적중시 8의 마나 회복",
    "ability":["공격력 +10","마나 +15"]
  },
  {
    "id": 15,
    "name": "수호천사",
    "description": "처음 사망시 2초 동안 경직된 후 해로운 효과가 사라지고 400의 체력을 지닌 채 부활",
    "ability":["공격력 +10","방어력 +20"]
  },
  {
    "id": 16,
    "name": "피바라기",
    "description": "기본 공격으로 입히는 피해의 40%를 체력으로 회복합니다. 1회에 한해 체력이 40% 미만으로 떨어질 시 전체 체력의 40%에 해당하는 실드를 얻습니다.",
    "ability":["공격력 +10","마법저항력 +20"]
  },
  {
    "id": 17,
    "name": "지크의 전령",
    "description": "전투 시작 시 장착 유닛과 가로로 1칸 내에 있는 모든 아군의 공격 속도가 남은 전투 시간 동안 +30% 증가",
    "ability":["공격력 +10","체력 +150"]
  },
  {
    "id": 18,
    "name": "Sword of the Divine",
    "description": "The holder gains the Divine trait."
  },
  {
    "id": 19,
    "name": "무한의 대검",
    "description": "[고유] 치명타 확률 75% 증가. (조합 아이템에도 적용) 치명타 확률이 100%가 되면 1% 증가할 때마다 치명타 피해량 +1% 증가",
    "ability":["공격력 +10","치명타 확률 +20%"]
  },
  {
    "id": 22,
    "name": "고속연사포",
    "description": "공격 사거리가 1칸 증가하고, 추가 공격 속도 +20%. 기본 공격이 무조건 적중",
    "ability":["공격속도 +10%","공격속도 +10%"]
  },
  {
    "id": 23,
    "name": "구인수의 격노검",
    "description": "기본 공격 시 전투가 끝날 때까지 공격 속도 +6% 증가. 무제한 중첩 가능",
    "ability":["공격속도 +10%","주문력 +10"]
  },
  {
    "id": 24,
    "name": "스태틱의 단검",
    "description": "세 번째 기본 공격마다 연쇄 번개를 발사하여 4명의 적에게 65의 마법 피해를 입힙니다. 번개는 치명타가 적용될 수 있으며 추가 피해를 입히고 대상의 마법 저항력을 6초 동안 60% 감소시킵니다.",
    "ability":["공격속도 +10%","마나 +15"]
  },
  {
    "id": 25,
    "name": "거인의 결의 ",
    "description": "피해를 입거나 치명타 공격을 가할 경우 2의 AD와 SP 획득. 효과는 최대 25회까지 중첩 가능하며, 최대 중첩시 착용자의 크기가 커지고 25의 방어력과 마법 저항력 획득.",
    "ability":["공격속도 +10%","방어력 +20"]
  },
  {
    "id": 26,
    "name": "루난의 허리케인",
    "description": "기본 공격 시 주변 다른 적 하나에게 탄환을 발사하여 공격력의 80%만큼 피해를 입히고 적중 시 효과 적용. 추가 탄환에는 치명타가 적용될 수 있음",
    "ability":["공격속도 +10%","마법저항력 +20"]
  },
  {
    "id": 27,
    "name": "즈롯 차원문",
    "description": "전투 시작 시 장착한 유닛이 2칸 내에 있는 적을 1초 동안 도발. 장착한 유닛 사망 시 1500/2250/3000 ★의 체력을 지닌 인공체가 깨어나 적을 다시 도발",
    "ability":["공격속도 +10%","체력 +150"]
  },
  {
    "id": 28,
    "name": "Duelist's Zeal",
    "description": "The holder gains the Duelist trait."
  },
  {
    "id": 29,
    "name": "최후의 속삭임",
    "description": "[고유] 치명타 공격을 가할 경우 5초 동안 대상 방어력 70% 감소. (중첩 불가)",
    "ability":["공격속도 +10%","치명타 확률 +20%"]
  },
  {
    "id": 33,
    "name": "라바돈의 죽음모자",
    "description": "주문력이 추가로 50 증가.",
    "ability":["주문력 +10","주문력 +10"]
  },
  {
    "id": 34,
    "name": "대천사의 지팡이",
    "description": "착용자가 주문을 사용할 때마다 최대 마나의 35% 만큼 추가 주문력을 얻습니다.",
    "ability":["주문력 +10","마나 +15"]
  
  },
  {
    "id": 35,
    "name": "강철의 솔라리 펜던트",
    "description": "전투 시작 시 장착한 유닛과 가로로 2칸 내에 있는 모든 아군이 8초 동안 300 / 350 / 450 ★의 피해를 흡수하는 보호막 획득",
    "ability":["주문력 +10","방어력 +20"]
  },
  {
    "id": 36,
    "name": "이온 충격기",
    "description": "2칸 내에 있는 모든 적의 마법 저항력 40% 감소 (중첩 불가). 해당 적이 스킬 사용 시 대상 최대 마나의 200%에 해당하는 마법 피해",
    "ability":["주문력 +10","마법저항력 +20"]
  },
  {
    "id": 37,
    "name": "모렐로노미콘",
    "description": "[고유] 스킬로 마법 피해를 입히면 대상을 불태워 10초 동안 대상 최대 체력의 25%만큼 고정 피해를 입히고 그동안 모든 체력 회복 효과 50% 감소",
    "ability":["주문력 +10","체력 +150"]
  },
  {
    "id": 38,
    "name": "Spirit of the Dragon",
    "description": "The holder gains the Dragonsoul trait."
  },
  {
    "id": 39,
    "name": "보석 건틀릿",
    "description": "스킬에 치명타 적용 가능. 추가 치명타 피해량 +40% 증가",
    "ability":["주문력 +10","치명타 확률 +20%"]
  },
  {
    "id": 44,
    "name": "푸른 파수꾼",
    "description": "[고유] 스킬 사용 후 20의 마나 회복",
    "ability":["마나 +15","마나 +15"]
  },
  {
    "id": 45,
    "name": "얼어붙은 심장",
    "description": "두 칸 이내의 주변 적의 공격 속도 35% 감소. 보유한 두 번째 얼어붙은 심장 1개마다 효과 반경 증가",
    "ability":["마나 +15","방어력 +20"]
  },
  {
    "id": 46,
    "name": "힘의 성배",
    "description": "전투 시작 시 장착 유닛과 가로로 1칸 내에 있는 모든 아군의 주문력이 전투가 끝날 때까지 30 증가",
    "ability":["마나 +15","마법저항력 +20"]
  },
  {
    "id": 47,
    "name": "구원",
    "description": "착용한 유닛은 1칸 범위 내의 모든 아군에게 오라를 발산하여 5초마다 잃어버린 체력의 30%를 치유합니다. 오라의 영향을 받은 아군은 효과 범위 공격으로 인해 받는 피해가 30% 감소합니다.",
    "ability":["마나 +15","체력 +150"]
  },
  {
    "id": 48,
    "name": "Mage's Hat",
    "description": "The holder gains the Mage trait."
  },
  {
    "id": 49,
    "name": "정의의 손길",
    "description": "준비 단계마다 다음 효과 중 하나 획득: '공격력 +40과 주문력 +40' 또는 '기본 공격과 스킬 사용 시 피해량의 40%만큼 체력 회복'",
    "ability":["마나 +15","치명타 확률 +20%"]
  },
  {
    "id": 55,
    "name": "덤불 조끼",
    "description": "받는 치명타 공격의 추가 피해 무효화. 기본 공격에 맞을 경우 주변 모든 적에게 80/100/150 ★의 마법 피해 (2.5초마다 한 번씩)",
    "ability":["방어력 +20","방어력 +20"]
  },
  {
    "id": 56,
    "name": "가고일 돌갑옷",
    "description": "적적의 공격 대상이 되면 방어력이 20, 마법 저항력이 20 증가. 공격하는 적이 늘어나면 중첩되어 적용.",
    "ability":["방어력 +20","마법저항력 +20"]
  },
  {
    "id": 57,
    "name": "태양불꽃 망토",
    "description": "2.5초마다 2칸 내에 있는 무작위 적 하나가 불타 10초 동안 최대 체력의 25%에 해당하는 피해를 입고 체력 회복 효과 50% 감소",
    "ability":["방어력 +20","체력 +150"]
  },
  {
    "id": 58,
    "name": "Vanguard's Cuirass",
    "description": "The holder gains the Vanguard trait."
  },
  {
    "id": 59,
    "name": "침묵의 장막",
    "description": "[고유] 전투 시작 시 광선을 발사해 적중당한 적들의 최대 마나를 35% 증가시켜 첫 스킬 사용 지연",
    "ability":["방어력 +20","치명타 확률 +5%","회피10%"]
  },
  {
    "id": 66,
    "name": "용의 발톱",
    "description": "받는 마법 피해 50% 감소",
    "ability":["마법저항력 +20","마법저항력 +20"]
  },
  {
    "id": 67,
    "name": "서풍",
    "description": "[고유] 전투 시작 시 결투장 반대편에 회오리바람을 소환해 회오리바람과 가장 가까운 적을 5초 동안 전투에서 제외CC면역 효과를 무시합니다.",
    "ability":["마법저항력 +20","체력 +150"]
  },
  {
    "id": 68,
    "name": "Elderwood Sprout",
    "description": "The holder gains the Elderwood trait."
  },
  {
    "id": 69,
    "name": "수은",
    "description": "[고유] 전투 시작 후 처음 10초 동안 군중 제어 효과에 면역",
    "ability":["마법저항력 +20","치명타 확률 +5%","회피10%"]
  },
  {
    "id": 77,
    "name": "워모그의 갑옷",
    "description": "추가 체력 1000 획득 (조합 아이템 포함)",
    "ability":["체력 +150","체력 +150"]

  },
  {
    "id": 78,
    "name": "Warlord's Banner",
    "description": "The wearer gains the Warlord trait."
  },
  {
    "id": 79,
    "name": "덫 발톱",
    "description": "[고유] 처음 적중한 적 스킬을 막고 해당 스킬을 사용한 적을 4초 동안 기절",
    "ability":["체력 +150","회피20%"]
  },
  {
    "id": 88,
    "name": "Force of Nature",
    "description": ""
  },
  {
    "id": 89,
    "name": "Youmuu's Ghostblade",
    "description": "The wearer gains the Assassin trait."
  },
  {
    "id": 99,
    "name": "도적의 장갑",
    "description": "매 준비 단계마다 임시 아이템 2개 획득. 플레이어 레벨에 따라 아이템 성능 강화 [아이템 슬롯 3개 소모]",
    "ability":["치명타 확률 +10%","회피20%"]
  },
  {
    "id": 9001,
    "name": "Anima Visage",
    "description": "The wearer regenerates a percentage of their maximum Health each second."
  },
  {
    "id": 9002,
    "name": "Death's Defiance",
    "description": "A percentage of the damage the wearer receives is instead dealt over time as non-lethal damage."
  },
  {
    "id": 9003,
    "name": "Eternal Winter",
    "description": "Enemies who damage the wearer have their Attack Speed slowed for several seconds. After being slowed this way a certain number of times, the attacker is Frozen for the duration instead. An enemy can only be Frozen once every several seconds."
  },
  {
    "id": 9004,
    "name": "Infinity Force",
    "description": null
  },
  {
    "id": 9005,
    "name": "Manazane",
    "description": "After the wearer casts their spell for the first time each combat, they restore Mana over several seconds."
  },
  {
    "id": 9006,
    "name": "Obsidian Cleaver",
    "description": "The wearer's attacks and spell damage shred enemy Armor and Magic Resistance by 40% for several seconds."
  },
  {
    "id": 9007,
    "name": "Randuin's Sanctum",
    "description": "At the start of combat, all allies adjacent to the wearer gain bonus Armor and Magic Resistance for the rest of combat."
  },
  {
    "id": 9008,
    "name": "Rocket-Propelled Fist",
    "description": "At the start of combat, the wearer pulls the farthest enemy into melee range, stunning them for several seconds. Allies within range will prioritize attacking that enemy."
  },
  {
    "id": 9009,
    "name": "Gold Collector",
    "description": "The wearer executes enemies below a percentage of health on hit. Executions generate 1 gold."
  },
  {
    "id": 9010,
    "name": "Zhonya's Paradox",
    "description": "The first instance of damage that would reduce the wearer below a percentage of their Health is prevented, causing them to become invulnerable for several seconds."
  }
]